﻿Name,Exp Theo Definition,Author,Citation,Date,Degree of metastability,Exp Prac Def,Experimental apparatus,Imp Prac Def,Imp Theo Definition,Measurement,Mechanism,Results,Scales - Analysis,Scales - Definition,Simulation model
Enlarging the scope: Grasping brain complexity,"incomplete synchronization tendencies, realization of integration and segregation; mechanism for integration and segregatio",Tognoli,tognoli_2014a,2014,N/A,,,,,N/A,N/A,"""typically arises when the parts are no longer perfect clones of one another""",,Say that micro to macro have integration-segregation tendencies,N/A
Linking functional connectivity and dynamic properties of resting-state networks,"Degree of variability in networks states over time, realization of integration and segregation; mechanism for integration and segregatio",Lee,,2017,std(R),N/A,fMRI,N/A,N/A,hilbert → R → std(R),intermittency of synchronization,maximum metastability at transition to phase synchronization; increased metastability and synchrony were associated with elevated cohesion and decreased functional integration,"Spatial macroscopic, Topological macroscopic",Variable,Kuramoto
Metastable Brain,realization of integration and segregation; mechanism for integration and segregatio,Tognoli,,2014,N/A,,"Single-unit, multi-unit, LFP, EEG",Changes in relative phases,,hilbert → phases → phase differences; changes in neural ensembles,"no attractor, only attracting tendencies: ""regime near a saddle-node or tangent bifurcation in which stable and unstable coordination states no longer exist (e.g. in-phase coordination where the rela- tive phase between interacting components lingers at zero), but attraction remains to where those fixed points used to be.""; metastability opposed to changing param","Coordination dynamics studies integration/segregation, a reflecion of the system's metastability","Topological mesoscopic, Topological microscopic",,HKB
"Transient Cognitive Dynamics, Metastability, and Decision Making",,Rabinovich,,2018,,,,,,,,,,,
,,,,,,,,,,,,,,,