﻿Name,Exp Theo Definition,Author,Citation,Date,Definition classification,Degree of metastability,Details,Exp Prac Def,Experimental apparatus,Imp Prac Def,Imp Theo Definition,Measurement,Mechanism,Priority,Results,Scales - Analysis,Scales - Definition,Simulation model,Status,TL;DR
Enlarging the scope: Grasping brain complexity,"realization of integration and segregation; mechanism for integration and segregatio,incomplete synchronization tendencies",Tognoli,tognoli_2014a,2014,"Integration-Segregation, Variability of synchronization",N/A,,,,,,N/A,N/A,Low,"""typically arises when the parts are no longer perfect clones of one another""",,Say that micro to macro have integration-segregation tendencies,N/A,,
Linking functional connectivity and dynamic properties of resting-state networks,"Degree of variability in networks states over time,realization of integration and segregation; mechanism for integration and segregatio",Lee,,2017,"Integration-Segregation, Variability in states",std(R),,N/A,fMRI,N/A,N/A,hilbert → R → std(R),intermittency of synchronization,High,maximum metastability at transition to phase synchronization; increased metastability and synchrony were associated with elevated cohesion and decreased functional integration,"Spatial macroscopic, Topological macroscopic",Variable,Kuramoto,,
Metastable Brain,realization of integration and segregation; mechanism for integration and segregatio,Tognoli,,2014,"Away from natural regime, Integration-Segregation, Variability in phase-space, Variability of synchronization",N/A,Integration-segregation → changes neural ensembles,,"Single-unit, multi-unit, LFP, EEG",Changes in relative phases,,hilbert → phases → phase differences; changes in neural ensembles,"no attractor, only attracting tendencies: ""regime near a saddle-node or tangent bifurcation in which stable and unstable coordination states no longer exist (e.g. in-phase coordination where the rela- tive phase between interacting components lingers at zero), but attraction remains to where those fixed points used to be.""; metastability opposed to changing param",High,"Coordination dynamics studies integration/segregation, a reflecion of the system's metastability","Topological mesoscopic, Topological microscopic",All,HKB,,
"Transient Cognitive Dynamics, Metastability, and Decision Making",N/A,Rabinovich,,2018,Variability in states,N/A,"Describe the heteroclinic cycle, and say that que um sistema com isso consegue então ser robusto a ruído (ie com transientes replicáveis), mas ainda sensível aos inputs: a topologia do SHC pode mudar, mas ele ainda continua existindo.; normal application of nonlinera dynamics may not be enough",,,,Sucession of (metastable) states; Sequential switching between metastable states,diz que poderia applicar principal component analysys a fMRI para construir o espaço de fase,stable heteroclinic cycle: saddle point connected to each other; esse é o jeito segundo eles de implementar winnerless competition: quando vencedores vao sendo substituidos por outros indefinidamente,Medium,,,,,,"TL;DR: Traz uma visão sobre metastabilidade: uma cadeia de atratores-sela (cada atrator-sela é um estado metastável). Os links dessa cadeia são separatrizes (variedades instaveis/estaveis?). O sistema transita assim ao longo da cadeia, que pode acabar num atrator ou ser repetitiva (eg formando um ciclo-limite). A cadeia é chamada de heteroclinic skeleton, com as trajetorias proximas chamadas de stable heteroclinic channel (SHC). Nesse caso, a metastabilidade se dá pela transição sucessiva dos atratores-sela. Dizem que um sistema com isso consegue então ser robusto a ruído (ie com transientes replicáveis), mas ainda sensível aos inputs: a topologia do SHC pode mudar, mas ele ainda continua existindo.
Propoe uma soluçao para um modelo para sequential decision making como um jogo a tempo fixo em que o jogador deve tomar decisões num ambiente com ruído para maximizar a recompensa cumulativa. Esse trabalho é uma sequel de vários outros tratando redes desse tipo como redes com winnerless competition. Nesse caso, veja (Winnerless competition principle and prediction of the transient dynamicsin a Lotka–Volterra model): winnerless competition ocorre quando há sucessão de vários winners, que eles modelam como um sistema metastável.
obs: cita trabalhos talvez importantes sobre competiçao e metastabilidade no cerebro; diz que aplicaçao normal de dinamica nao-linear nao é suficiente."
"Mapping of brain operational architectonics ",Metastability: regime in which each specialized cortical area performs a unique role by expressing its own form of information and at the same time its performance is largely constrained by interactions with other areas to which it is functionally connected; where the individual parts of the brain exhibit tendencies to function autonomously at the same time as they exhibit tendencies for coordinated activity.,Fingelkurts,,2004,Integration-Segregation,,"Metastability is seen as the mechanism/regime responsible for this I~S tendency. Since this tendency produces the cognitive/behavioral processes, metastability can thus be said to be responsible for the operations in the brain. Furthermore, the processes are constituted by sucession of discrete acts, each of which can be called a (metastable) state.; 
Synchronization binds neurons into assemblies, whose coordination is responsible for behavior. Their synchronized operataions constitute the metastable spatial-temporal patterns observed.",,,,,EEG / MEG,"Aparentemente, falam em algum paper que metastabilidade é due to intrninsic dynamics, n estimulo externo",High,,"Spatial macroscopic, Topological macroscopic, Topological mesoscopic",,,,
Metastable neural dynamics underlies cognitive performance across multiple behavioural paradigms,Coordination dynamics: metastability refers to a coupled or collective oscillatory activity which falls outside its equilibrium state for dwell times that depend on distance from equilibrium,Alderson,,2020,CD: Outside equilibrium state,std(R); call it global metastability,"integration~segregation
metastability at rest corresponds to an optimal exploration of the dynamical repertoire inherent in the static structural linkages of the anatomy where the probability of network switching is maximal","The
350 maintenance of a particular communication channel through coherence implies a
persistent phase relationship. The number or repertoire of such channels therefore
corresponds to the variability of these phase relationships (i.e. the metastability)",,,"Metastability as dynamic flexibility, or variability of network states over time",hilbert→phases → R → std(R),variety of mechanisms; Example of metastable dynamical system is winnerless competition,High,"Overall, we found that–contrary to expectations–the metastabil- ity of couplings between large-scale networks was actively enhanced by task performance, principally in regions known to be devoted to cognitive control. Although metastability was evoked by task, cogni- tive performance was more closely aligned with the metastability of the brain's intrinsic network dynamics.","Spatial macroscopic, Topological macroscopic",,,,
Global segregation of cortical activity and metastable dynamics,,,,,,,,,,,,,,Very low,,,,,,
Extended Neural Metastability in an Embodied Model of Sensorimotor Coupling,,Aguilera,,2016,Physics transient stable,,,,,,,,,High,,,,,REREAD,
"The labile brain. II. Transients, complexity and selection","synonym of complexity and dynamic instability: successive expression of different transient dynamics with stereotyped temporal patterns being continuously created and destroyed and re-emerging again,transient periods of stability",Friston,friston_2000a,2000,Variability of patterns,entropy of spectral densities,,,,,,LFP; Consequently the changeability or stability of the spectral densities can be used to measure metastability.,"Separates in two: due to dynamics and due to change in parameters. Dynamics is likened to intermittency and apparent change in the manifold that is due to the itinerant nature of the trajectory getting stuck in local submanifolds;
See more discussion on wiki",Very High,"fala do efeito de aumentar o acoplamento: de incoerente, pra metastavel, pra phase-locked (nessa rede).; dynamic instability is evident only in a limited regime of connection strengths, namely when they are sparse.","Spatial macroscopic, Topological macroscopic",,,,"TLDR: Fala que dynamic instability (ie instabilidade do ponto de vista dinamico do sistema), metastabilidade e complexidade são sinonimos. Define-os como ""successive expression of different transient dynamics with stereotyped temporal patterns being continuously created and destroyed and re-emerging again"". Em seguida, define tipos diferentes de complexidade, dependendo se a variaçao da dinamica vem de o atrator ser intermitente ou de variaçao nos parametros de controle. Define de novo a ideia dele de que em metastabilidade vc tem um atrator, que aparenta ser varios subatratores. Em seguida, define uma medida de metastabilidade, baseado na entropia da densidade espectral (do LFP, acho). Mede isso para uma rede e encontra que metastabilidade é encontrada quando a conectividade é esparsa e na transieçao para sincronizaçao. Nesse sentido, fala que para baixo acoplamento tem comportamento incoerente, daí metastavel e daí phase-locked. Fala que justamente esses regimes (de metastabilidade==dynamic instability) são encontrados em regiões perto de pontos críticos ou transições de fase, e isso é consiste com o ""pensamento moderno sobre systemas auto-organizados"". Termina falando sobre selection e coisas sobre o cerebro que podem ser importantes (nao entendi)"
The Dynamics of Functional Brain Networks: Integrated Network States during Cognitive Task Performance,,,,,,,,,,,,,,Very low,,,,,,
Metastability of Neuronal Dynamics during General Anesthesia: Time for a Change in Our Assumptions?,"jumping between several different attractors with multipled well-separated time-scales.; Metastable systems will spend most of their time near attractors, with rare, rapid transitions between them.",Hudson,,2017,Variability in phase-space,(implicit): Only in absolute,,,,,,,,High,,,Dwell time in a metastate has to be long; rapid transitions between,,,
Dynamic functional connectivity and brain metastability during altered states of consciousness,"Metastability: phenomenon of the system's dynamics traversing a series of metastable states (points in phase-space of quasi-equilibrium that transiently attract the dynamics);
Quasi-equilibrium points in phase-space ""are also termed metastable states of the system, with the phenomenon of the dynamics traversing a series of such states being called metastability.""",Cavanna,,2017,"Variability in phase-space, Variability in states",,Dynamic core/theories of consciousness,,,,,,"We note that different mechanisms exist capable of trapping the
dynamics in certain parts of the phase space, such as attractor ruins
(Kaneko and Tsuda, 2003), heteroclinic cycles (Rabinovich et al., 2008),
and unstable attractors (Timme et al., 2002);
Distinguishes from multistability with noise. Says that metastability does not revolve aroudn points of stability (only quasi-stability), while multistability+noise does.
metastability appears ""instead as the result of the opposing tendency of the dynamics
towards coupling and independence""",Very High,"Discuss models of consciousness and their behavior regarding the repertoire of possible brain configurations. See metastable dynamics as a ""plausible way in which such a repertoire of brain configurations could emerge""",,"Discuss how the variables of the phase space depend on the scales being considered; ",,,
The dynamics of resting fluctuations in the brain: metastability and its dynamical cortical core,"Coordination dynamics: metastability refers to a coupled or collective oscillatory activity which falls outside its equilibrium state for dwell times that depend on distance from equilibrium,variability of global synchronization,variability of the states of phase configurations; how the synchronization between the different nodes fluctuates across time",Deco,,2017,"CD: Outside equilibrium state, Variability of synchronization",std(R),"look at topological micro, but for dynamic core analysis, not metastability!; Metastability is maximum at the working point of the model; they say it is reflecting the variability of the synchronization between different nodes, i.e. the fluctuations of the states of phase configurations as a function of
time",,fMRI (bold),,,hilbert→phases → R → std(R),variety of mechanisms; Example of metastable dynamical system is winnerless competition,High,,"Spatial macroscopic, Topological macroscopic, Topological microscopic",,"Hopf model, fitted on experimental FC",,
Resting-State Temporal Synchronization Networks Emerge from Connectivity Topology and Heterogeneity,N/A,Ponce-Alvarez,,2015,Variability of synchronization,N/A,"Metastability underlies the transient formation of synchronized clusters; also implements integration-segregation naturally; metastability requires heterogeneity and modular topology; Metastability important as it it ""facilitates the exploration of a larger dynamical repertoire of the brain and allows for the all- around visitation of functional states and dynamic responses to the external world.""",,"fMRI (bold, n = 66 regions)",Changes in relative phases of nodes,Regime between unsynchronized and synchronized,"hilbert → phases → phase differences (pdf); R; clusters
calculate clusters of synchronized neurons",N/A; region between unsynchronized and synchronized,High,maximum metastability at transition to phase synchronization; We found that fluctuations in the global synchronization result from intermittent activation of synchronized communities,"Spatial macroscopic, Topological macroscopic, Topological mesoscopic",N/A,"Kuramoto, slow oscillators",,
Metastability and chimera states in modular delay and pulse-coupled oscillator networks,metastability of the system as the variance in individual community synchrony.,Wildie & Shanahan,,2012,Variability of synchronization,<std(R)_c>: average over communities of the variance of their phase synchronization; also calculate variety of metastable states (coalition entropy),"Deco, 2016 cita esse quando fala sobre variability in phase configurations over time",,,,,Kuramoto phase → R,N/A,High,"Maximum metastability at transition between desynchronization and global synchronization due to increase in delay (though not necessarily in transitions due to increase in p_ext).
High coalition entropy (number of coalitions) at transition due to delay also.
Modular topology increases this maximum: randomized versions still have the maximum, but much lower, so that the curve is closer to a line.;
OBserve chimera sattes, with some communities synchronized, and others not.","Spatial microscopic, Topological mesoscopic",,Kuramoto with delay and modular topology,,
Role of local network oscillations in resting-state functional connectivity.,,Cabral,,2011,,,,,,,,,,Low,"variability in global synchronization related to metastable cluster synchronization (according do Deco, 2016)",,,,,
Metastable brain waves,a form of winnerless competition whereby the system’s orbits visit multiple patterns in sequence and no single pattern endures,Roberts,,2019,Variability in states,N/A,"Patterns do recurr, but that is not a criteria for metastability; transition between metastable states marked by a disorganized period of reconfiguration",,Simulation,,switching between different patterns/states (wave patterns).,Waves: mean potential of pyramidal cells,Cite heteroclinic cycle and chaotic itinerancy; differentiates from multistability with noise,High,,"Spatial macroscopic, Spatial microscopic, Topological mesoscopic",,Neural mass,,"TL;DR: Simulam whole-brain usando neural mass models. Encontram ondas nos campos medios de regioes. Veem varios padroes de ondas, que mudam ao longo do tempo mesmo para parametros fixos. Esse sequential swithching é chamado de metastabilidade. Observam que transições metastaveis ocorrem por colisao, aniquilaçao ou criaçao de novas fontes ou sumidouros nas ondas. Diziem que isso entao propoe uma unificaçao sobre entendimento de metastabilidade e ondas. Encaram metastabilidade como variabilidade nos padrões da rede, mas não quantificam ela. Dizem que é uma forma de winnerless competition e distinguem de multiestabilidade."
An Intermittency Mechanism for Coherent and Flexible Brain and Behavioral Function,,Kelso,,1991,,,,,,,,,,Low,,,,,,
Effects of lesions on synchrony and metastability in cortical networks,spontaneously shifting between transient attractor-like states; dynamical flexibility,Vasa,,2015,Variability in states,global: std(R); neighbourhood: std(R_neigh),,,,,,phase→R→std(R); neighbourhood of the lesioned nodes,,Low,,"Topological macroscopic, Topological mesoscopic",,"Kuramoto, fittex to experimental",,
Signature of consciousness in the dynamics of resting-state brain activity,,Barttfeld,,2015,,,,,,,,,,,,,,,,
"Transients, metastability, and neuronal dynamics","recurrent and self-limiting expression of stereotyped transient-like dynamics,succession of transient-like dynamics each with its own distinct and recurring spatiotemporal organiza- tion,{We have framed metastability in terms of the successive expression of transients that emerge when simulated neuronal populations are loosely coupled or sparsely connected. The term ‘‘transient’’ is used here to denote a distinct self-limiting stereotyped pattern of activity.",Friston,,1997,Variability of patterns,"entropy of spectral densities; Intuitively it can be seen that a large spectral density
attractor ‘‘covers’’ more regions and reflects a greater
number and diversity of transients (i.e., metastability).
A measure of the volume of the spectral density attrac-
tor is provided by the entropy H",Importancia integraçao-segregação; diz que atractor global com subatratores parece ser o jeito de pensar em neuronal dynamics,,,,,,"fixed global attractor, with trajectory visiting different submanifolds; ie This phenomenon can be understood in terms of a complex attractor surface that traps the trajectory locally in some ‘‘sub- manifold’’ before it escapes to another locally struc- tured part of the attractor surface. These submanifolds are exactly the same as a normal attractor manifold but for the fact that they are connected to, or embedded in, a larger surface. At some point the trajectory will find this connection and a new transient will emerge as the trajectory moves off to another submanifold.",Medium,"Mostra que com aumento do eps sistema passa de incoerencia estavel (cada parte mantendo a sua tendencia oscilatoria individual) para regime de metastabilidade (com transientes e periodos de coerencia estavel, que sao na vdd instaveis) para, finalmente, phase locking.; On the basis of this, and in the light of the
simulations presented above, we infer that neuronal
dynamics are modeled by neither an ensemble of sepa-
rate attractors nor a simple low-dimensional attractor,
but are consistent with the attractor surface that
ensues when many separate attractors are loosely
coupled together. This manifold has a special complex-
ity, where the trajectories upon it show complicated
metastable dynamics, with the recurrent appearance
and destruction of transient-like dynamics","Spatial macroscopic, Topological macroscopic",,,,
"Synchrony, metastability, dynamic integration, and competition in thespontaneous functional connectivity of the human brain",,Wens,,2019,,,,,,,,,,Very low,,,,,,
Metastable States of Multiscale Brain Networks Are Keys to Crack the Timing Problem,states that transiently attract the dynamics; energy landscape,Gili,,2018,Physics energy,,,,,,,,,Low,,,,,,
"Metastability, criticality and phase transitions in brain and its models","""shifts and transitions between stable states""; ""meandering of the systems representation in phase space"";
""a continuous scale of tendencies for neural groups to coordinate and segregate seems more appropriate""",Werner,,2007,"Integration-Segregation, Variability in phase-space",,,,,,,,,High,,,,,,
Metastable Resting State Brain Dynamics,"""Metastability refers to the fact that the state of a dynamical system spends a large amount of time in a restricted region of its available phase space before a transition takes place, bringing the system into another state from where it might recur into the previous one."". Também se referem a estados metastáveis como transient and recurrent states.
describe switching between the metastable states",beim Graben,,2019,"Variability in phase-space, Variability in states",???,,,,,,fMRI bold,3 mechanisms: multiple-timescale (one attractor); riddle-basins (multistable with noise); heteroclinic cycle,High,"find maximum metastability in some regions, but i don't know what that means",,,,,
,,Kelso,,2016,,,,,,,,,Cita alguns!,Medium,,,,,,
,,Friston,,2012,,,,,,,,,Cita alguns!,Low,,,,,,
,a succession of self-limiting recurrent patterns,Varela,,2000,Variability of patterns,,,,,,,,,Low,,,,,,
Expectation-induced modulation of metastable activity underlies faster coding of sensory stimuli,,La Camera,,2019,,,,,,,,,,Low,,,,,,
Cortical computations via metastable activity,"the sequence of discrete, quasi-stationary metastable states, with abrupt, jump-like transitions between them; Contrasts this with chaotic dynamics, where transitions are ""continuous""",La Camera,,2019,Variability in states,only in absolute,Clustered topology apparently necessary for the metastable dynamics,,Hidden Markov Model,,,"electrophysiological, others?","Metastable activity occurs both in response to an external stimulus and during ongoing, self-generated activity.
multistability with noise: Metastable activity naturally occurs when multiple hidden states are attractive fixed points of the neural dynamics which are either inherently unstable, or can be destabilized by internal noise or external perturbations
Such fixed points would attract the dynamic trajectories of the neural activity and force them to linger in their neighborhood for a finite amount of time. It is natural, therefore, to look for models wherein metastability is caused by the coexistence of multiple attractor states",High,"""ensemble activity unfolds as a sequence of metastable states, each lasting from a few hundred ms to a second or more, with sharp transitions among the states""
The transi- tions are typically one order of magnitude faster than the state durations, are close to their theoretically observable lower bound, and are not an artifact of the HMM
states tend to reoccur
The clustered archi tecture has emerged as an effective way to generate metastability.
A arquitetura faz com que: multiple configurations of the network emerge wherein neurons in clusters tend to occupy several states with different values of mean firing rates (grey and red lines in Figure 3b), where the firing rates depend on the number of active clusters.",,,"Clustered network of LIF; ",,"TL;DR: Revisa literatura de metastabilidade estudada com hidden markov models. Define metastability as the sequence of discrete, quasi-stationary metastable states, with abrupt, jump-like transitions between them. These transitions are one order of magnitude slower than the duration of the states. Contrasts this with chaotic dynamics, where transitions are ""continuous"". Reviews studies of metastability which use Hidden Markov Models. Explains this methodology. Review importance of this metastability. Says a reasonable mechanism is multistability with noise, and says that spiking neural neworks appear to need a clustered architecture to have this metastable dynamics."
"Dynamics of Multistable States during Ongoing and Evoked
Cortical Activity",N/A,Mazzucato,,2015,Variability in states,only in absolute,,,,,"metastability as a sequence of metastable states
transition seem abrupt, but they do not mention this in the implicit definition",electrophysiological ; simulations → states (hmm),,Medium,"Spiking network replicates lots of behaviors
See transitions between states (defined from the neurons' firing rates)
Transition appear abrupt, but they don't talk too much about it
network hopping between metastable states in which different combinations of clusters are simultaneously activated",,,,,
Large-scale cortical travelling waves predict localized future cortical signals,,David M. Alexander,,2019,N/A,,,,,,,,,Medium,,,,,,
"The Control of Global Brain Dynamics: Opposing Actions of
Frontoparietal Control and Default Mode Networks on
Attention","metastability, which we define as the extent to which synchrony
varies over time;
Metastability, which we here define as the tendency to move endogenously between transient attractor-like states, is an important property of such systems",Hellyer,,2014,Variability of synchronization,"std(V), V a degree of coherence == sync error",,,,,,,,Medium,,,,,,
,,Vidaurre,,2017,,,,,,,,,,,,,,,,
"Spin-glass model predicts metastable brain states that
diminish in anesthesia",,Hudetz,,2014,,,,,,,,,,,,,,,,
Disrupted global metastability and static and dynamic brain connectivity across individuals in the Alzheimer’s disease continuum,"phase-based metrics of
coupling and de-coupling across time: metastability (
""A wide range (large standard deviation) of Kuramoto order parameter values would thus characterize brains that traverse different dynamic stages of coupling over time: a broad set of dynamic states, measured as high metastability.""",Cordova-Palomera,,2017,Variability of synchronization,std(R),,,,,"Metastable state: one that attracts transiently (To enable flexible representation, a relatively flat energy landscape is required, such that the system can move easily from one
metastable attractor state to another (Durstewitz et al., 2000))",,,Low,,,global,,,
A neurodynamical model for working memory,implicit,Pascanu,,2011,Variability in phase-space,,,,,,"as the switching between attractors, discusses the mechanims "". Departing
from the classical notion of attractors, a number of alternative
‘‘attractor-like’’ metastability phenomena have been considered""",,Very nice refernece!,Medium,,,,,,
"Working Memory and Anticipatory Set Modulate Midbrain
and Putamen Activity",implicit,Yu,,2013,Physics energy,,,,,,"move from a transiently attracting region
""To enable flexible representation, a relatively flat energy landscape is required, such that the system can move easily from one
metastable attractor state to another (Durstewitz et al., 2000)""",,,Low,,,,,,
"Metastable neural dynamics in Alzheimer's disease are disrupted by lesions to the
structural connectome",The number or repertoire of such channels therefore corresponds to the variability of these phase relationships (i.e. the metastability) measured as the standard deviation of RRSN,Alderson,,2018,Variability of synchronization,std(R),,,,,,fMRI,,Low,,,,,,Brief review of other papers I read
Attractor Landscapes and Active Tracking: The Neurodynamics of Embodied Action,implicit,Negrello,,2008,N/A,,,,,,"they do not explicitly discuss metastability, but discuss how changing inputs over time changes the attractors and the trajectories along with it; talk about transients and how the system is at a constant transient (which they cal meta-transient)",,,High,,,,,,
Metastability in Senescence,"metastability: a theoretical framework that gives a systematic account of the variability of the brain.
Metastable systems: a dynamic system that falls outside a natural equilibrium state but can persist there for an extended period of time.
Metastability: quantifiable measure of a dynamic system of coupled oscillators. It is defined here as the standard deviation of the Kuramoto",Naik,,2017,"CD: Outside equilibrium state, Variability in states, Variability of synchronization",std(R),,,,,,,,Very low,,,,,,
,,,,,,,,,,,,,,,,,,,,